session,bar_open_et,sig,grade,close,ind_sl,ind_tp1,ind_tp2,tradable
2026-09-30,2026-09-30T09:35:00-04:00,1,A,766.85,765.771,767.9271,769.0043,True
2026-09-30,2026-09-30T11:15:00-04:00,1,B,768.47,767.7791,769.6727,770.8754,True
2026-09-30,2026-09-30T15:15:00-04:00,-1,A,766.67,767.0695,765.9515,765.233,True
2026-10-01,2026-10-01T09:40:00-04:00,-1,A+,763.42,764.9742,762.3572,761.2945,True
2026-10-01,2026-10-01T11:40:00-04:00,-1,A,759.675,761.4437,757.9247,756.1745,True
2026-10-01,2026-10-01T13:45:00-04:00,1,A,764.53,764.0252,765.9245,767.319,True
2026-10-01,2026-10-01T15:35:00-04:00,1,B,764.62,763.8975,765.5874,766.5549,True
2026-10-02,2026-10-02T09:30:00-04:00,1,A+,770.7,769.1471,771.7286,772.7572,True
2026-10-02,2026-10-02T14:20:00-04:00,-1,B,768.6,769.2404,767.6988,766.7977,True
2026-10-05,2026-10-05T09:30:00-04:00,1,A+,770.8,769.4137,771.4488,772.0975,True
2026-10-05,2026-10-05T11:10:00-04:00,1,A,772.565,772.0357,773.358,774.1509,True
2026-10-05,2026-10-05T13:15:00-04:00,1,A+,774.265,773.9197,774.8058,775.3466,True
2026-10-06,2026-10-06T09:35:00-04:00,1,A+,778.41,777.7956,778.9031,779.3963,True
2026-10-06,2026-10-06T11:25:00-04:00,1,A,781.34,781.0643,782.0174,782.6948,True
2026-10-07,2026-10-07T09:30:00-04:00,-1,A+,775.485,776.3399,774.9154,774.3457,True
2026-10-07,2026-10-07T13:00:00-04:00,1,A+,776.6299,775.8817,777.3447,778.0595,True
2026-10-07,2026-10-07T14:50:00-04:00,1,A,777.53,777.1244,778.2367,778.9433,True
2026-10-08,2026-10-08T10:05:00-04:00,1,A,775.8,775.2152,776.5642,777.3285,True
2026-10-08,2026-10-08T12:45:00-04:00,-1,A,773.25,775.3415,772.2255,771.201,True
2026-10-09,2026-10-09T10:50:00-04:00,1,A,777.07,776.1669,777.8297,778.5894,True
2026-10-09,2026-10-09T12:30:00-04:00,1,A,777.945,777.7315,778.5855,779.226,True
2026-10-09,2026-10-09T14:10:00-04:00,1,A,778.4701,778.2862,778.9315,779.393,True
