variant,label,session,signal_bar_open_et,decision_et,side,grade,sig_close,ind_sl,ind_tp1,ind_tp2,fill_quote_ts,spot_at_fill,type,strike,bid_entry,ask_entry,ask_size,contracts,size_exceeds_ask_size,entry_fee,exit_reason,exit_quote_ts,exit_bid,exit_price,exit_fee,gross,net,net_pct,net_pct_fee065,min_bid_held,max_bid_held,invariants_ok,twin_status,twin_type,twin_strike,twin_ask,twin_contracts,twin_exit_reason,twin_net,twin_net_pct
PTR-001,SHAKEDOWN - NOT COUNTED,2026-09-30,2026-09-30T09:35:00-04:00,2026-09-30T09:40:00-04:00,long,A,766.85,765.771,767.9271,769.0043,2026-09-30T09:43:58-04:00,766.8101,C,767.0,1.38,1.39,353.0,7,False,2.52,,,,,,,,,,,,True,OK,P,766.0,1.15,8,,,
PTR-001,SHAKEDOWN - NOT COUNTED,2026-09-30,2026-09-30T11:15:00-04:00,2026-09-30T11:20:00-04:00,long,B,768.47,767.7791,769.6727,770.8754,2026-09-30T11:24:38-04:00,768.085,C,769.0,0.81,0.82,496.0,12,False,4.32,,,,,,,,,,,,True,OK,P,768.0,1.2,8,,,
PTR-001,SHAKEDOWN - NOT COUNTED,2026-09-30,2026-09-30T15:15:00-04:00,2026-09-30T15:20:00-04:00,short,A,766.67,767.0695,765.9515,765.233,2026-09-30T15:20:47-04:00,766.485,P,766.0,0.53,0.54,986.0,18,False,6.48,,,,,,,,,,,,True,OK,C,767.0,0.53,18,,,
PTR-001,SHAKEDOWN - NOT COUNTED,2026-10-01,2026-10-01T09:40:00-04:00,2026-10-01T09:45:00-04:00,short,A+,763.42,764.9742,762.3572,761.2945,2026-10-01T09:48:02-04:00,763.11,P,763.0,1.81,1.82,647.0,5,False,1.8,,,,,,,,,,,,True,OK,C,764.0,1.41,7,,,
PTR-001,SHAKEDOWN - NOT COUNTED,2026-10-01,2026-10-01T11:40:00-04:00,2026-10-01T11:45:00-04:00,short,A,759.675,761.4437,757.9247,756.1745,2026-10-01T11:45:03-04:00,759.725,P,759.0,1.08,1.09,451.0,9,False,3.24,,,,,,,,,,,,True,OK,C,760.0,1.3,7,,,
PTR-001,SHAKEDOWN - NOT COUNTED,2026-10-01,2026-10-01T13:45:00-04:00,2026-10-01T13:50:00-04:00,long,A,764.53,764.0252,765.9245,767.319,2026-10-01T13:50:41-04:00,764.345,C,765.0,0.7,0.71,292.0,14,False,5.04,,,,,,,,,,,,True,OK,P,764.0,0.86,11,,,
PTR-001,SHAKEDOWN - NOT COUNTED,2026-10-01,2026-10-01T15:35:00-04:00,2026-10-01T15:40:00-04:00,long,B,764.62,763.8975,765.5874,766.5549,2026-10-01T15:40:48-04:00,764.77,C,765.0,0.34,0.35,594.0,28,False,10.08,,,,,,,,,,,,True,OK,P,764.0,0.2,50,,,
PTR-001,SHAKEDOWN - NOT COUNTED,2026-10-05,2026-10-05T09:30:00-04:00,2026-10-05T09:35:00-04:00,long,A+,770.8,769.4137,771.4488,772.0975,2026-10-05T09:37:45-04:00,770.48,C,771.0,1.09,1.1,133.0,9,False,3.24,,,,,,,,,,,,True,OK,P,770.0,1.16,8,,,
PTR-001,SHAKEDOWN - NOT COUNTED,2026-10-05,2026-10-05T11:10:00-04:00,2026-10-05T11:15:00-04:00,long,A,772.565,772.0357,773.358,774.1509,2026-10-05T11:18:48-04:00,772.53,C,773.0,0.67,0.68,478.0,14,False,5.04,,,,,,,,,,,,True,OK,P,772.0,0.72,13,,,
PTR-001,SHAKEDOWN - NOT COUNTED,2026-10-05,2026-10-05T13:15:00-04:00,2026-10-05T13:20:00-04:00,long,A+,774.265,773.9197,774.8058,775.3466,2026-10-05T13:23:51-04:00,774.3301,C,775.0,0.3,0.31,300.0,32,False,11.52,,,,,,,,,,,,True,OK,P,774.0,0.46,21,,,
PTR-001,SHAKEDOWN - NOT COUNTED,2026-10-06,2026-10-06T09:35:00-04:00,2026-10-06T09:40:00-04:00,long,A+,778.41,777.7956,778.9031,779.3963,2026-10-06T09:40:29-04:00,778.44,C,779.0,0.92,0.93,289.0,10,False,3.6,,,,,,,,,,,,True,OK,P,778.0,1.03,9,,,
PTR-001,SHAKEDOWN - NOT COUNTED,2026-10-06,2026-10-06T11:25:00-04:00,2026-10-06T11:30:00-04:00,long,A,781.34,781.0643,782.0174,782.6948,2026-10-06T11:30:33-04:00,781.035,C,782.0,0.46,0.47,46.0,21,False,7.56,,,,,,,,,,,,True,OK,P,781.0,0.89,11,,,
PTR-001,SHAKEDOWN - NOT COUNTED,2026-10-07,2026-10-07T09:30:00-04:00,2026-10-07T09:35:00-04:00,short,A+,775.485,776.3399,774.9154,774.3457,2026-10-07T09:37:43-04:00,775.17,P,775.0,1.32,1.33,457.0,7,False,2.52,,,,,,,,,,,,True,OK,C,776.0,1.01,9,,,
PTR-001,SHAKEDOWN - NOT COUNTED,2026-10-07,2026-10-07T13:00:00-04:00,2026-10-07T13:05:00-04:00,long,A+,776.6299,775.8817,777.3447,778.0595,2026-10-07T13:08:10-04:00,777.09,C,778.0,0.41,0.42,805.0,23,False,8.28,,,,,,,,,,,,True,OK,P,777.0,0.73,13,,,
PTR-001,SHAKEDOWN - NOT COUNTED,2026-10-07,2026-10-07T14:50:00-04:00,2026-10-07T14:55:00-04:00,long,A,777.53,777.1244,778.2367,778.9433,2026-10-07T14:58:13-04:00,777.72,C,778.0,0.31,0.32,532.0,31,False,11.16,,,,,,,,,,,,True,OK,P,777.0,0.2,50,,,
PTR-001,SHAKEDOWN - NOT COUNTED,2026-10-08,2026-10-08T10:05:00-04:00,2026-10-08T10:10:00-04:00,long,A,775.8,775.2152,776.5642,777.3285,2026-10-08T10:14:07-04:00,775.97,C,776.0,1.07,1.08,434.0,9,False,3.24,,,,,,,,,,,,True,OK,P,775.0,0.72,13,,,
PTR-001,SHAKEDOWN - NOT COUNTED,2026-10-08,2026-10-08T12:45:00-04:00,2026-10-08T12:50:00-04:00,short,A,773.25,775.3415,772.2255,771.201,2026-10-08T12:55:19-04:00,773.17,P,773.0,1.02,1.03,456.0,9,False,3.24,,,,,,,,,,,,True,OK,C,774.0,0.76,13,,,
PTR-001,SHAKEDOWN - NOT COUNTED,2026-10-09,2026-10-09T10:50:00-04:00,2026-10-09T10:55:00-04:00,long,A,777.07,776.1669,777.8297,778.5894,2026-10-09T10:56:43-04:00,777.14,C,778.0,0.48,0.49,612.0,20,False,7.2,,,,,,,,,,,,True,OK,P,777.0,0.82,12,,,
PTR-001,SHAKEDOWN - NOT COUNTED,2026-10-09,2026-10-09T12:30:00-04:00,2026-10-09T12:35:00-04:00,long,A,777.945,777.7315,778.5855,779.226,2026-10-09T12:36:45-04:00,777.86,C,778.0,0.57,0.58,803.0,17,False,6.12,,,,,,,,,,,,True,OK,P,777.0,0.33,30,,,
PTR-001,SHAKEDOWN - NOT COUNTED,2026-10-09,2026-10-09T14:10:00-04:00,2026-10-09T14:15:00-04:00,long,A,778.4701,778.2862,778.9315,779.393,2026-10-09T14:17:50-04:00,778.48,C,779.0,0.22,0.23,1020.0,43,False,15.48,,,,,,,,,,,,True,OK,P,778.0,0.24,41,,,
